Region,Lat,Long,dated,new_case,cured_case,death_case,Confirmed,Cured,Death
Analamanga,-18.9333296,47.5166646,2020-03-20,3,0,0,3,0,0
Analamanga,-18.9333296,47.5166646,2020-03-21,0,0,0,3,0,0
Analamanga,-18.9333296,47.5166646,2020-03-22,0,0,0,3,0,0
Analamanga,-18.9333296,47.5166646,2020-03-23,9,0,0,12,0,0
Analamanga,-18.9333296,47.5166646,2020-03-24,5,0,0,17,0,0
Analamanga,-18.9333296,47.5166646,2020-03-25,2,0,0,19,0,0
Analamanga,-18.9333296,47.5166646,2020-03-26,4,0,0,23,0,0
Analamanga,-18.9333296,47.5166646,2020-03-27,1,0,0,24,0,0
Analamanga,-18.9333296,47.5166646,2020-03-28,4,0,0,28,0,0
Analamanga,-18.9333296,47.5166646,2020-03-29,15,0,0,43,0,0
Analamanga,-18.9333296,47.5166646,2020-03-30,0,0,0,43,0,0
Analamanga,-18.9333296,47.5166646,2020-03-31,11,0,0,54,0,0
Analamanga,-18.9333296,47.5166646,2020-04-01,0,0,0,54,0,0
Analamanga,-18.9333296,47.5166646,2020-04-02,5,0,0,59,0,0
Analamanga,-18.9333296,47.5166646,2020-04-03,6,0,0,65,0,0
Atsinanana,-18.1499994,49.416665,2020-04-04,6,0,0,71,0,0
Atsinanana,-18.1499994,49.416665,2020-04-05,2,2,0,73,2,0
Analamanga,-18.9333296,47.5166646,2020-04-06,7,0,0,83,2,0
Atsimo_Andrefana,-23.35,43.66667,2020-04-06,2,0,0,83,2,0
Nosy-Be,-13.314276000000001,48.260618,2020-04-06,1,0,0,83,2,0
Analamanga,-18.9333296,47.5166646,2020-04-07,3,3,0,88,7,0
Atsinanana,-18.1499994,49.416665,2020-04-07,3,0,0,88,7,0
Analamanga,-18.9333296,47.5166646,2020-04-08,3,3,0,93,11,0
Analanjirofo,-17.166666,49.2999988,2020-04-08,1,0,0,93,11,0
Analamanga,-18.9333296,47.5166646,2020-04-09,0,0,0,93,11,0
Analamanga,-18.9333296,47.5166646,2020-04-10,3,0,0,102,11,0
Atsinanana,-18.1499994,49.416665,2020-04-10,6,0,0,102,11,0
Analamanga,-18.9333296,47.5166646,2020-04-11,0,1,0,102,12,0
Analamanga,-18.9333296,47.5166646,2020-04-12,2,5,0,106,20,0
Atsinanana,-18.1499994,49.416665,2020-04-12,2,3,0,106,20,0
Analamanga,-18.9333296,47.5166646,2020-04-13,0,1,0,106,21,0
Analamanga,-18.9333296,47.5166646,2020-04-14,2,2,0,108,23,0
Analamanga,-18.9333296,47.5166646,2020-04-15,2,6,0,110,29,0
Atsinanana,-18.1499994,49.416665,2020-04-16,1,4,0,111,33,0
Analamanga,-18.9333296,47.5166646,2020-04-17,3,0,0,117,33,0
Atsinanana,-18.1499994,49.416665,2020-04-17,3,0,0,117,33,0
Analamanga,-18.9333296,47.5166646,2020-04-18,2,2,0,120,35,0
Atsinanana,-18.1499994,49.416665,2020-04-18,1,0,0,120,35,0
Analamanga,-18.9333296,47.5166646,2020-04-19,1,4,0,121,39,0
Analamanga,-18.9333296,47.5166646,2020-04-20,0,2,0,121,41,0
,,,2020-04-21,0,3,0,121,44,0
,,,2020-04-22,0,8,0,121,52,0
,,,2020-04-23,0,6,0,121,58,0
Analamanga,-18.9333296,47.5166646,2020-04-24,1,3,0,122,61,0
Atsinanana,-18.1499994,49.416665,2020-04-25,1,1,0,123,62,0
Atsinanana,-18.1499994,49.416665,2020-04-26,1,9,0,124,71,0
Anôsy,-25.0333332,46.9833294,2020-04-27,1,0,0,128,75,0
Analamanga,-18.9333296,47.5166646,2020-04-27,3,4,0,128,75,0
,,,2020-04-28,0,7,0,128,82,0
,,,2020-04-29,0,8,0,128,90,0
,,,2020-04-30,0,2,0,128,92,0
Analamanga,-18.9333296,47.5166646,2020-05-01,4,2,0,132,94,0
Matsiatra-ambony,-21.45267,47.08569,2020-05-02,1,0,0,135,97,0
Atsinanana,-18.1499994,49.416665,2020-05-02,2,3,0,135,97,0
Atsinanana,-18.1499994,49.416665,2020-05-03,8,0,0,149,98,0
Analamanga,-18.9333296,47.5166646,2020-05-03,6,1,0,149,98,0
,,,2020-05-04,0,1,0,151,99,0
,,,2020-05-05,0,2,0,151,101,0
Atsinanana,-18.1499994,49.416665,2020-05-06,6,0,0,158,101,0
Analamanga,-18.9333296,47.5166646,2020-05-06,1,0,0,158,101,0
Atsinanana,-18.1499994,49.416665,2020-05-07,9,0,0,169,101,0
Analamanga,-18.9333296,47.5166646,2020-05-07,24,0,0,169,101,0
Vakinakaratra,-19.8666632,47.0333332,2020-05-07,1,0,0,169,101,0
Alaotra_Mangoro,-17.9,48.4,2020-05-07,1,0,0,169,101,0
Atsinanana,-18.1499994,49.416665,2020-05-09,5,0,0,169,101,0
Analamanga,-18.9333296,47.5166646,2020-05-09,4,0,0,169,101,0
Vakinakaratra,-19.8666632,47.0333332,2020-05-09,1,0,0,169,101,0
Alaotra_Mangoro,-17.9,48.4,2020-05-09,1,0,0,169,101,0
Atsinanana,-18.1499994,49.416665,2020-05-10,2,3,0,171,104,0
Analamanga,-18.9333296,47.5166646,2020-05-11,3,0,0,186,105,0
Matsiatra-ambony,-21.45267,47.08569,2020-05-11,1,0,0,186,105,0
Atsinanana,-18.1499994,49.416665,2020-05-11,11,1,0,186,105,0
Atsinanana,-18.1499994,49.416665,2020-05-12,6,0,0,192,105,0
Atsinanana,-18.1499994,49.416665,2020-05-13,15,0,0,212,107,0
Alaotra_Mangoro,-17.9,48.4,2020-05-13,3,0,0,212,107,0
Analamanga,-18.9333296,47.5166646,2020-05-13,2,2,0,212,107,0
Atsinanana,-18.1499994,49.416665,2020-05-14,5,1,0,230,108,0
Alaotra_Mangoro,-17.9,48.4,2020-05-14,11,1,0,230,108,0
Analamanga,-18.9333296,47.5166646,2020-05-14,2,1,0,230,108,0
Atsinanana,-18.1499994,49.416665,2020-05-15,8,4,0,238,112,0
Atsinanana,-18.1499994,49.416665,2020-05-16,19,0,0,283,114,0
Analamanga,-18.9333296,47.5166646,2020-05-16,26,2,0,283,114,0
Atsinanana,-18.1499994,49.416665,2020-05-17,6,0,1,304,114,1
Analamanga,-18.9333296,47.5166646,2020-05-17,15,0,0,304,114,1
Atsinanana,-18.1499994,49.416665,2020-05-18,17,5,0,322,119,1
Boeny,-15.71667,46.31667,2020-05-18,1,0,0,322,119,1
Analamanga,-18.9333296,47.5166646,2020-05-19,2,0,0,326,119,1
Atsinanana,-18.1499994,49.416665,2020-05-19,2,0,1,326,119,2
Atsinanana,-18.1499994,49.416665,2020-05-20,42,2,1,371,131,2
Analamanga,-18.9333296,47.5166646,2020-05-20,3,10,0,371,131,2
Atsinanana,-18.1499994,49.416665,2020-05-21,24,1,0,405,131,2
Alaotra_Mangoro,-17.9,48.4,2020-05-21,10,0,0,405,131,2
Atsinanana,-18.1499994,49.416665,2020-05-22,38,1,0,448,135,2
Analamanga,-18.9333296,47.5166646,2020-05-22,5,3,0,448,135,2
Atsinanana,-18.1499994,49.416665,2020-05-23,40,3,0,488,138,2
Atsinanana,-18.1499994,49.416665,2020-05-24,20,4,0,527,142,2
Analamanga,-18.9333296,47.5166646,2020-05-24,10,0,0,527,142,2
Anôsy,-25.0333332,46.9833294,2020-05-24,6,0,0,527,142,2
Atsimo_Andrefana,-23.35,43.66667,2020-05-24,3,0,0,527,142,2
Atsinanana,-18.1499994,49.416665,2020-05-25,11,5,0,542,147,2
Analamanga,-18.9333296,47.5166646,2020-05-25,2,0,0,542,147,2
Bongolava,-18.76969,46.04653,2020-05-25,1,0,0,542,147,2
Alaotra_Mangoro,-17.9,48.4,2020-05-25,1,0,0,542,147,2
Atsinanana,-18.1499994,49.416665,2020-05-26,20,0,0,586,147,2
Alaotra_Mangoro,-17.9,48.4,2020-05-26,7,0,0,586,147,2
Analamanga,-18.9333296,47.5166646,2020-05-26,10,0,0,586,147,2
Alaotra_Mangoro,-17.9,48.4,2020-05-26,3,0,0,586,147,2
Alaotra_Mangoro,-17.9,48.4,2020-05-26,1,0,0,586,147,2
,,,2020-05-26,3,0,0,586,147,2
Itasy,-18.1499994,49.416665,2020-05-27,17,4,0,612,151,2
Analamanga,-18.9333296,47.5166646,2020-05-27,8,4,0,612,151,2
Analanjirofo,-17.166666,49.2999988,2020-05-27,1,4,0,612,151,2
Atsinanana,-18.1499994,49.416665,2020-05-28,29,3,0,656,154,2
Analamanga,-18.9333296,47.5166646,2020-05-28,11,0,0,656,154,2
Alaotra_Mangoro,-17.9,48.4,2020-05-28,4,0,0,656,154,2
Atsinanana,-18.1499994,49.416665,2020-05-29,39,10,3,698,164,5
Analamanga,-18.9333296,47.5166646,2020-05-29,1,0,0,698,164,5
Bongolava,-18.76969,46.04653,2020-05-29,1,0,0,698,164,5
Alaotra_Mangoro,-17.9,48.4,2020-05-29,1,0,0,698,164,5
Atsinanana,-18.1499994,49.416665,2020-05-30,27,1,1,758,165,6
Analamanga,-18.9333296,47.5166646,2020-05-30,25,0,0,758,165,6
Analanjirofo,-17.166666,49.2999988,2020-05-30,5,0,0,758,165,6
Alaotra_Mangoro,-17.9,48.4,2020-05-30,3,0,0,758,165,6
Anôsy,-25.0333332,46.9833294,2020-05-31,11,3,0,790,168,6
Atsimo_Andrefana,-23.35,43.66667,2020-05-31,1,0,0,790,168,6
Analamanga,-18.9333296,47.5166646,2020-05-31,10,0,0,790,168,6
Atsinanana,-18.1499994,49.416665,2020-05-31,2,0,0,790,168,6
Atsimo_Andrefana,-23.35,43.66667,2020-05-31,1,0,0,790,168,6
Itasy,-19.16667,46.73333,2020-05-31,1,0,0,790,168,6
Matsiatra-ambony,-21.45267,47.08569,2020-06-01,1,6,0,826,174,6
Atsinanana,-18.1499994,49.416665,2020-06-01,23,0,0,826,174,6
Alaotra_Mangoro,-17.9,48.4,2020-06-01,7,0,0,826,174,6
Itasy,-19.16667,46.73333,2020-06-01,3,0,0,826,174,6
Analamanga,-18.9333296,47.5166646,2020-06-01,2,0,0,826,174,6
Analanjirofo,-17.166666,49.2999988,2020-06-02,5,0,0,845,185,6
Atsinanana,-18.1499994,49.416665,2020-06-02,5,11,0,845,185,6
Alaotra_Mangoro,-17.9,48.4,2020-06-02,2,0,0,845,185,6
Alaotra_Mangoro,-17.9,48.4,2020-06-02,1,0,0,845,185,6
Alaotra_Mangoro,-17.9,48.4,2020-06-02,1,0,0,845,185,6
Analamanga,-18.9333296,47.5166646,2020-06-02,2,0,0,845,185,6
,,,2020-06-02,3,0,0,845,185,6
Analamanga,-18.9333296,47.5166646,2020-06-03,21,10,0,908,195,6
Atsinanana,-18.1499994,49.416665,2020-06-03,33,0,0,908,195,6
Alaotra_Mangoro,-17.9,48.4,2020-06-03,5,0,0,908,195,6
Analamanga,-18.9333296,47.5166646,2020-06-03,2,0,0,908,195,6
Analanjirofo,-17.166666,49.2999988,2020-06-03,2,0,0,908,195,6
,,,2020-06-04,16,5,0,957,200,7
Analamanga,-18.9333296,47.5166646,2020-06-04,4,0,1,957,200,7
Analamanga,-18.9333296,47.5166646,2020-06-04,1,0,0,957,200,7
Atsinanana,-18.1499994,49.416665,2020-06-04,28,0,0,957,200,7
Atsinanana,-18.1499994,49.416665,2020-06-05,7,1,0,975,201,7
Analamanga,-18.9333296,47.5166646,2020-06-05,5,0,0,975,201,7
Anôsy,-25.0333332,46.9833294,2020-06-05,3,0,0,975,201,7
Atsimo_Andrefana,-23.35,43.66667,2020-06-05,3,0,0,975,201,7
Analamanga,-18.9333296,47.5166646,2020-06-06,28,11,0,1026,212,8
Atsinanana,-18.1499994,49.416665,2020-06-06,22,0,1,1026,212,8
Matsiatra-ambony,-21.45267,47.08569,2020-06-06,1,0,0,1026,212,8
Analamanga,-18.9333296,47.5166646,2020-06-07,11,21,0,1052,233,9
Atsinanana,-18.1499994,49.416665,2020-06-07,11,0,1,1052,233,9
Itasy,-19.16667,46.73333,2020-06-07,4,0,0,1052,233,9
Atsinanana,-18.1499994,49.416665,2020-06-08,42,21,0,1094,254,9
Atsinanana,-18.1499994,49.416665,2020-06-09,40,24,0,1138,274,9
Analamanga,-18.9333296,47.5166646,2020-06-09,4,0,0,1138,274,9
Atsinanana,-18.1499994,49.416665,2020-06-10,24,22,1,1162,296,10
Analamanga,-18.9333296,47.5166646,2020-06-11,12,16,0,1203,312,10
Atsinanana,-18.1499994,49.416665,2020-06-11,22,0,0,1203,312,10
Analanjirofo,-17.166666,49.2999988,2020-06-11,5,0,0,1203,312,10
Analanjirofo,-17.166666,49.2999988,2020-06-11,1,0,0,1203,312,10
Alaotra_Mangoro,-17.9,48.4,2020-06-11,1,0,0,1203,312,10
Analanjirofo,-17.166666,49.2999988,2020-06-12,8,32,0,1240,344,10
Alaotra_Mangoro,-17.9,48.4,2020-06-12,1,0,0,1240,344,10
Itasy,-19.16667,46.73333,2020-06-12,1,0,0,1240,344,10
Analamanga,-18.9333296,47.5166646,2020-06-12,17,0,0,1240,344,10
Analamanga,-18.9333296,47.5166646,2020-06-13,12,18,0,1252,362,10
Atsinanana,-18.1499994,49.416665,2020-06-13,10,0,0,1252,362,10
Alaotra_Mangoro,-17.9,48.4,2020-06-14,7,5,0,1252,367,10
Analamanga,-18.9333296,47.5166646,2020-06-14,6,0,0,1252,367,10
Atsinanana,-18.1499994,49.416665,2020-06-14,5,0,0,1252,367,10
Matsiatra-ambony,-21.45267,47.08569,2020-06-14,1,0,0,1252,367,10
Atsimo_Andrefana,-23.35,43.66667,2020-06-14,1,0,0,1252,367,10
Analamanga,-18.9333296,47.5166646,2020-06-15,7,17,0,1290,384,10
Atsinanana,-18.1499994,49.416665,2020-06-15,6,0,0,1290,384,10
Analanjirofo,-17.166666,49.2999988,2020-06-15,4,0,0,1290,384,10
,,,2020-06-15,1,0,0,1290,384,10
Analamanga,-18.9333296,47.5166646,2020-06-16,20,33,2,1317,417,12
Boeny,-15.71667,46.31667,2020-06-16,3,0,0,1317,417,12
Analanjirofo,-17.166666,49.2999988,2020-06-16,2,0,0,1317,417,12
Atsinanana,-18.1499994,49.416665,2020-06-16,1,0,0,1317,417,12
Analamanga,-18.9333296,47.5166646,2020-06-16,1,0,0,1317,417,12
Analamanga,-18.9333296,47.5166646,2020-06-17,39,33,0,1378,450,12
Vakinakaratra,-19.8666632,47.0333332,2020-06-17,3,0,0,1378,450,12
Atsinanana,-18.1499994,49.416665,2020-06-17,2,0,0,1378,450,12
Sainte_Marie,-16.833333,49.916663,2020-06-17,2,0,0,1378,450,12
Alaotra_Mangoro,-17.9,48.4,2020-06-17,1,0,0,1378,450,12
Bongolava,-18.76969,46.04653,2020-06-17,1,0,0,1378,450,12
Atsinanana,-18.1499994,49.416665,2020-06-18,17,13,0,1403,463,13
Alaotra_Mangoro,-17.9,48.4,2020-06-18,8,8,0,1403,463,13
Analamanga,-18.9333296,47.5166646,2020-06-18,0,0,1,1403,463,13
Analamanga,-18.9333296,47.5166646,2020-06-19,23,35,0,1443,498,13
Atsinanana,-18.1499994,49.416665,2020-06-19,17,0,0,1443,498,13
Analamanga,-18.9333296,47.5166646,2020-06-20,44,120,0,1503,618,13
Analanjirofo,-17.166666,49.2999988,2020-06-20,12,0,0,1503,618,13
Atsinanana,-18.1499994,49.416665,2020-06-20,4,0,0,1503,618,13
Analamanga,-18.9333296,47.5166646,2020-06-21,71,37,0,1596,655,14
Atsinanana,-18.1499994,49.416665,2020-06-21,21,0,1,1596,655,14
Matsiatra-ambony,-21.45267,47.08569,2020-06-21,1,0,0,1596,655,14
,,,2020-06-22,27,37,1,1640,692,15
Analamanga,-18.9333296,47.5166646,2020-06-22,10,0,0,1640,692,15
Vakinakaratra,-19.8666632,47.0333332,2020-06-22,2,0,0,1640,692,15
Analanjirofo,-17.166666,49.2999988,2020-06-22,5,0,0,1640,692,15
Analamanga,-18.9333296,47.5166646,2020-06-23,83,40,0,1724,732,15
Atsinanana,-18.1499994,49.416665,2020-06-23,1,0,0,1724,732,15
Analamanga,-18.9333296,47.5166646,2020-06-24,38,47,1,1787,779,16
Alaotra_Mangoro,-17.9,48.4,2020-06-24,20,0,0,1787,779,16
Atsinanana,-18.1499994,49.416665,2020-06-24,3,0,0,1787,779,16
Alaotra_Mangoro,-17.9,48.4,2020-06-24,1,0,0,1787,779,16
Boeny,-15.71667,46.31667,2020-06-24,1,0,0,1787,779,16
Analamanga,-18.9333296,47.5166646,2020-06-25,37,44,0,1829,823,16
Sainte_Marie,-16.83333,49.916663,2020-06-25,3,0,0,1829,823,16
Analanjirofo,-17.166666,49.2999988,2020-06-25,2,0,0,1829,823,16
Analamanga,-18.9333296,47.5166646,2020-06-27,74,45,0,2005,907,16
Vakinakaratra,-19.8666632,47.0333332,2020-06-27,4,0,0,2005,907,16
Analanjirofo,-17.166666,49.2999988,2020-06-27,2,0,0,2005,907,16
Atsinanana,-18.1499994,49.416665,2020-06-27,2,0,0,2005,907,16
Alaotra_Mangoro,-17.9,48.4,2020-06-27,1,0,0,2005,907,16
Analamanga,-18.9333296,47.5166646,2020-06-28,66,37,0,2078,944,18
Vakinakaratra,-19.8666632,47.0333332,2020-06-28,3,0,0,2078,944,18
Analanjirofo,-17.166666,49.2999988,2020-06-28,3,0,0,2078,944,18
Sava,-14.8833298,50.2833322,2020-06-28,1,0,0,2078,944,18
Analamanga,-18.9333296,47.5166646,2020-06-29,49,22,2,2138,966,20
Alaotra_Mangoro,-17.9,48.4,2020-06-29,11,0,0,2138,966,20
Analamanga,-18.9333296,47.5166646,2020-06-30,75,28,0,2214,994,20
Atsinanana,-18.1499994,49.416665,2020-06-30,1,0,0,2214,994,20
Analamanga,-18.9333296,47.5166646,2020-07-01,88,12,2,2303,1006,22
Atsimo_Atsinana,-22.822229999999998,47.82615,2020-07-01,1,0,0,2303,1006,22
Analamanga,-18.9333296,47.5166646,2020-07-02,52,34,1,2403,1040,24
Analanjirofo,-17.166666,49.2999988,2020-07-02,1,0,0,2403,1040,24
Alaotra_Mangoro,-17.9,48.4,2020-07-02,1,0,0,2403,1040,24
Matsiatra-ambony,-21.45267,47.08569,2020-07-02,1,0,1,2403,1040,24
Amoron_Mania,-20.53034,47.24344,2020-07-02,1,0,0,2403,1040,24
,,,2020-07-02,44,0,0,2403,1040,24
Analamanga,-18.9333296,47.5166646,2020-07-03,85,17,2,2512,1057,26
Alaotra_Mangoro,-17.9,48.4,2020-07-03,1,0,0,2512,1057,26
,,,2020-07-03,23,0,0,2512,1057,26
Analamanga,-18.9333296,47.5166646,2020-07-04,209,21,3,2728,1621,29
Alaotra_Mangoro,-17.9,48.4,2020-07-04,5,0,0,2728,1621,29
Atsinanana,-18.1499994,49.416665,2020-07-04,2,0,0,2728,1621,29
Analamanga,-18.9333296,47.5166646,2020-07-05,197,30,3,2941,1108,32
Vakinakaratra,-19.8666632,47.0333332,2020-07-05,8,0,0,2941,1108,32
Atsinanana,-18.1499994,49.416665,2020-07-05,4,0,0,2941,1108,32
Matsiatra-ambony,-21.45267,47.08569,2020-07-05,4,0,0,2941,1108,32
Analamanga,-18.9333296,47.5166646,2020-07-06,303,27,1,3250,1135,33
Sainte_Marie,-16.83333,49.916663,2020-07-06,2,0,0,3250,1135,33
Atsinanana,-18.1499994,49.416665,2020-07-06,2,0,0,3250,1135,33
Menabe,-20.28416553,44.31716538,2020-07-06,1,0,0,3250,1135,33
Itasy,-19.16667,46.73333,2020-07-06,1,0,0,3250,1135,33
Analamanga,-18.9333296,47.5166646,2020-07-07,210,52,0,3472,1187,33
Vakinakaratra,-19.8666632,47.0333332,2020-07-07,3,0,0,3472,1187,33
Nosy-Be,-13.314276000000001,48.260618,2020-07-07,3,0,0,3472,1187,33
Boeny,-15.71667,46.31667,2020-07-07,3,0,0,3472,1187,33
Itasy,-19.16667,46.73333,2020-07-07,2,0,0,3472,1187,33
Atsinanana,-18.1499994,49.416665,2020-07-07,1,0,0,3472,1187,33
Analamanga,-18.9333296,47.5166646,2020-07-08,96,574,0,3573,1761,33
Matsiatra-ambony,-21.45267,47.08569,2020-07-08,3,0,0,3573,1761,33
Atsinanana,-18.1499994,49.416665,2020-07-08,2,0,0,3573,1761,33
Analamanga,-18.9333296,47.5166646,2020-07-09,209,186,0,3782,1950,33
Analamanga,-18.9333296,47.5166646,2020-07-10,341,233,0,4143,2183,34
Vakinakaratra,-19.8666632,47.0333332,2020-07-10,16,0,1,4143,2183,34
Sava,-14.8833298,50.2833322,2020-07-10,1,0,0,4143,2183,34
Analamanga,-18.9333296,47.5166646,2020-07-11,401,104,0,4578,2287,34
Alaotra_Mangoro,-17.9,48.4,2020-07-11,20,0,0,4578,2287,34
Atsimo_Andrefana,-23.35,43.66667,2020-07-11,5,0,0,4578,2287,34
Matsiatra-ambony,-21.45267,47.08569,2020-07-11,4,0,0,4578,2287,34
Analanjirofo,-17.166666,49.2999988,2020-07-11,3,0,0,4578,2287,34
Anôsy,-25.0333332,46.9833294,2020-07-11,2,0,0,4578,2287,34
Analamanga,-18.9333296,47.5166646,2020-07-12,249,91,0,4867,2378,35
Itasy,-19.16667,46.73333,2020-07-12,9,0,0,4867,2378,35
Diana,-12.2666656,49.2833322,2020-07-12,7,0,1,4867,2378,35
Analanjirofo,-17.166666,49.2999988,2020-07-12,6,0,0,4867,2378,35
Alaotra_Mangoro,-17.9,48.4,2020-07-12,4,0,0,4867,2378,35
Atsimo_Andrefana,-23.35,43.66667,2020-07-12,3,0,0,4867,2378,35
Boeny,-15.71667,46.31667,2020-07-12,2,0,0,4867,2378,35
Alaotra_Mangoro,-17.9,48.4,2020-07-12,1,0,0,4867,2378,35
,,,2020-07-12,7,0,0,4867,2378,35
Analamanga,-18.9333296,47.5166646,2020-07-13,193,116,1,5080,2494,37
Vakinakaratra,-19.8666632,47.0333332,2020-07-13,11,0,0,5080,2494,37
Atsimo_Andrefana,-23.35,43.66667,2020-07-13,2,0,0,5080,2494,37
Ihorombe,-22.40293,46.12576,2020-07-13,2,0,0,5080,2494,37
Diana,-12.2666656,49.2833322,2020-07-13,1,0,0,5080,2494,37
Atsinanana,-18.1499994,49.416665,2020-07-13,1,0,0,5080,2494,37
,,,2020-07-13,3,0,0,5080,2494,37
Boeny,-15.71667,46.31667,2020-07-13,0,0,1,5080,2494,37
Analamanga,-18.9333296,47.5166646,2020-07-14,252,152,1,5343,2646,39
Analanjirofo,-17.166666,49.2999988,2020-07-14,4,0,0,5343,2646,39
Atsimo_Andrefana,-23.35,43.66667,2020-07-14,2,0,0,5343,2646,39
Atsinanana,-18.1499994,49.416665,2020-07-14,1,0,0,5343,2646,39
Sofia,-14.8723981771,47.9833993997,2020-07-14,1,0,0,5343,2646,39
Matsiatra-ambony,-21.45267,47.08569,2020-07-14,1,0,0,5343,2646,39
Ihorombe,-22.40293,46.12576,2020-07-14,1,0,0,5343,2646,39
Bongolava,-18.76969,46.04653,2020-07-14,1,0,0,5343,2646,39
Vakinakaratra,-19.8666632,47.0333332,2020-07-14,0,0,1,5343,2646,39
Analamanga,-18.9333296,47.5166646,2020-07-15,205,93,3,5605,2811,43
Boeny,-15.71667,46.31667,2020-07-15,15,0,0,5605,2811,43
Atsimo_Andrefana,-23.35,43.66667,2020-07-15,13,0,0,5605,2811,43
Anôsy,-25.0333332,46.9833294,2020-07-15,13,0,0,5605,2811,43
Matsiatra-ambony,-21.45267,47.08569,2020-07-15,5,0,0,5605,2811,43
Vakinakaratra,-19.8666632,47.0333332,2020-07-15,4,0,0,5605,2811,43
Betsiboka,-17.2999988,46.9499962,2020-07-15,2,0,0,5605,2811,43
Vatovavy_vitovinany,-22.14862,48.01055,2020-07-15,2,0,0,5605,2811,43
Atsinanana,-18.1499994,49.416665,2020-07-15,2,0,0,5605,2811,43
Diana,-12.2666656,49.2833322,2020-07-15,0,0,1,5605,2811,43
Analamanga,-18.9333296,47.5166646,2020-07-16,433,140,8,6089,2951,53
Anôsy,-25.0333332,46.9833294,2020-07-16,20,0,0,6089,2951,53
Analanjirofo,-17.166666,49.2999988,2020-07-16,8,0,0,6089,2951,53
Matsiatra-ambony,-21.45267,47.08569,2020-07-16,8,0,0,6089,2951,53
Betsiboka,-17.2999988,46.9499962,2020-07-16,4,0,0,6089,2951,53
Itasy,-19.16667,46.73333,2020-07-16,3,0,0,6089,2951,53
Bongolava,-18.76969,46.04653,2020-07-16,2,0,0,6089,2951,53
Atsimo_Andrefana,-23.35,43.66667,2020-07-16,1,0,0,6089,2951,53
Atsinanana,-18.1499994,49.416665,2020-07-16,0,0,1,6089,2951,53
Diana,-12.2666656,49.2833322,2020-07-16,0,0,1,6089,2951,53
Analamanga,-18.9333296,47.5166646,2020-07-17,231,157,1,6467,3108,54
Alaotra_Mangoro,-17.9,48.4,2020-07-17,61,0,0,6467,3108,54
Diana,-12.2666656,49.2833322,2020-07-17,41,0,0,6467,3108,54
Boeny,-15.71667,46.31667,2020-07-17,14,0,0,6467,3108,54
Vatovavy_vitovinany,-22.14862,48.01055,2020-07-17,8,0,0,6467,3108,54
Atsimo_Andrefana,-23.35,43.66667,2020-07-17,5,0,0,6467,3108,54
Analanjirofo,-17.166666,49.2999988,2020-07-17,4,0,0,6467,3108,54
Sofia,-14.8723981771,47.9833993997,2020-07-17,3,0,0,6467,3108,54
Matsiatra-ambony,-21.45267,47.08569,2020-07-17,3,0,0,6467,3108,54
Atsinanana,-18.1499994,49.416665,2020-07-17,1,0,0,6467,3108,54
,,,2020-07-17,7,0,0,6467,3108,54
Analamanga,-18.9333296,47.5166646,2020-07-18,346,231,0,6849,3339,55
Atsinanana,-18.1499994,49.416665,2020-07-18,9,0,0,6849,3339,55
Matsiatra-ambony,-21.45267,47.08569,2020-07-18,7,0,0,6849,3339,55
Atsimo_Andrefana,-23.35,43.66667,2020-07-18,6,0,0,6849,3339,55
Bongolava,-18.76969,46.04653,2020-07-18,4,0,0,6849,3339,55
Alaotra_Mangoro,-17.9,48.4,2020-07-18,4,0,0,6849,3339,55
Itasy,-19.16667,46.73333,2020-07-18,3,0,0,6849,3339,55
Itasy,-19.16667,46.73333,2020-07-18,1,0,0,6849,3339,55
Diana,-12.2666656,49.2833322,2020-07-18,1,0,0,6849,3339,55
Analanjirofo,-17.166666,49.2999988,2020-07-18,1,0,0,6849,3339,55
Matsiatra-ambony,-21.45267,47.08569,2020-07-18,0,0,1,6849,3339,55
Analamanga,-18.9333296,47.5166646,2020-07-19,169,159,3,7049,3498,59
Boeny,-15.71667,46.31667,2020-07-19,11,0,0,7049,3498,59
Analanjirofo,-17.166666,49.2999988,2020-07-19,11,0,0,7049,3498,59
Atsinanana,-18.1499994,49.416665,2020-07-19,6,0,0,7049,3498,59
Alaotra_Mangoro,-17.9,48.4,2020-07-19,5,0,0,7049,3498,59
Itasy,-19.16667,46.73333,2020-07-19,2,0,0,7049,3498,59
Atsimo_Andrefana,-23.35,43.66667,2020-07-19,1,0,0,7049,3498,59
Diana,-12.2666656,49.2833322,2020-07-19,1,0,1,7049,3498,59
Analamanga,-18.9333296,47.5166646,2020-07-20,71,290,3,7153,3788,62
Boeny,-15.71667,46.31667,2020-07-20,33,0,0,7153,3788,62
Analamanga,-18.9333296,47.5166646,2020-07-21,357,498,3,7548,4286,65
Atsimo_Andrefana,-23.35,43.66667,2020-07-21,23,0,0,7548,4286,65
Matsiatra-ambony,-21.45267,47.08569,2020-07-21,7,0,0,7548,4286,65
Itasy,-19.16667,46.73333,2020-07-21,5,0,0,7548,4286,65
Boeny,-15.71667,46.31667,2020-07-21,1,0,0,7548,4286,65
Atsinanana,-18.1499994,49.416665,2020-07-21,1,0,0,7548,4286,65
Analanjirofo,-17.166666,49.2999988,2020-07-21,1,0,0,7548,4286,65
Analamanga,-18.9333296,47.5166646,2020-07-22,550,376,3,8162,4662,69
Itasy,-19.16667,46.73333,2020-07-22,27,0,0,8162,4662,69
Amoron_Mania,-20.53034,47.24344,2020-07-22,12,0,0,8162,4662,69
Anôsy,-25.0333332,46.9833294,2020-07-22,8,0,0,8162,4662,69
Bongolava,-18.76969,46.04653,2020-07-22,7,0,0,8162,4662,69
Betsiboka,-17.2999988,46.9499962,2020-07-22,5,0,1,8162,4662,69
Vatovavy_vitovinany,-22.14862,48.01055,2020-07-22,4,0,0,8162,4662,69
Menabe,-20.28416553,44.31716538,2020-07-22,1,0,0,8162,4662,69
Analamanga,-18.9333296,47.5166646,2020-07-23,148,498,1,8381,5160,70
Vakinakaratra,-19.8666632,47.0333332,2020-07-23,29,0,0,8381,5160,70
Matsiatra-ambony,-21.45267,47.08569,2020-07-23,14,0,0,8381,5160,70
Boeny,-15.71667,46.31667,2020-07-23,5,0,0,8381,5160,70
Diana,-12.2666656,49.2833322,2020-07-23,3,0,0,8381,5160,70
Atsimo_Andrefana,-23.35,43.66667,2020-07-23,2,0,0,8381,5160,70
Atsinanana,-18.1499994,49.416665,2020-07-23,2,0,0,8381,5160,70
Sofia,-14.8723981771,47.9833993997,2020-07-23,1,0,0,8381,5160,70
Analanjirofo,-17.166666,49.2999988,2020-07-23,1,0,0,8381,5160,70
Analamanga,-18.9333296,47.5166646,2020-07-24,231,362,5,8741,5522,76
Boeny,-15.71667,46.31667,2020-07-24,14,0,0,8741,5522,76
Matsiatra-ambony,-21.45267,47.08569,2020-07-24,11,0,0,8741,5522,76
Itasy,-19.16667,46.73333,2020-07-24,5,0,1,8741,5522,76
Atsimo_Andrefana,-23.35,43.66667,2020-07-24,3,0,0,8741,5522,76
Atsinanana,-18.1499994,49.416665,2020-07-24,2,0,0,8741,5522,76
Sofia,-14.8723981771,47.9833993997,2020-07-24,3,0,0,8741,5522,76
Analamanga,-18.9333296,47.5166646,2020-07-25,84,257,1,8866,5579,78
Boeny,-15.71667,46.31667,2020-07-25,17,0,0,8866,5579,78
Vakinakaratra,-19.8666632,47.0333332,2020-07-25,11,0,0,8866,5579,78
Itasy,-19.16667,46.73333,2020-07-25,5,0,1,8866,5579,78
Matsiatra-ambony,-21.45267,47.08569,2020-07-25,4,0,0,8866,5579,78
Analamanga,-18.9333296,47.5166646,2020-07-26,380,238,4,9295,6017,85
Boeny,-15.71667,46.31667,2020-07-26,33,0,0,9295,6017,85
Sava,-14.8833298,50.2833322,2020-07-26,5,0,0,9295,6017,85
Analanjirofo,-17.166666,49.2999988,2020-07-26,3,0,0,9295,6017,85
Atsimo_Andrefana,-23.35,43.66667,2020-07-26,1,0,0,9295,6017,85
Diana,-12.2666656,49.2833322,2020-07-26,3,0,0,9295,6017,85
Sofia,-14.8723981771,47.9833993997,2020-07-26,1,0,0,9295,6017,85
Atsinanana,-18.1499994,49.416665,2020-07-26,1,0,0,9295,6017,85
Alaotra_Mangoro,-17.9,48.4,2020-07-26,0,0,1,9295,6017,85
Vakinakaratra,-19.8666632,47.0333332,2020-07-26,0,0,1,9295,6017,85
Sofia,-14.8723981771,47.9833993997,2020-07-26,0,0,1,9295,6017,85
Analamanga,-18.9333296,47.5166646,2020-07-27,269,243,3,9660,6220,91
Alaotra_Mangoro,-17.9,48.4,2020-07-27,52,0,0,9660,6220,91
Bongolava,-18.76969,46.04653,2020-07-27,29,0,0,9660,6220,91
Boeny,-15.71667,46.31667,2020-07-27,10,0,3,9660,6220,91
Diana,-12.2666656,49.2833322,2020-07-27,9,0,0,9660,6220,91
Anôsy,-25.0333332,46.9833294,2020-07-27,6,0,0,9660,6220,91
Sava,-14.8833298,50.2833322,2020-07-27,5,0,0,9660,6220,91
Itasy,-19.16667,46.73333,2020-07-27,3,0,0,9660,6220,91
Analanjirofo,-17.166666,49.2999988,2020-07-27,3,0,0,9660,6220,91
Atsimo_Atsinana,-22.822229999999998,47.82615,2020-07-27,3,0,0,9660,6220,91
Sofia,-14.8723981771,47.9833993997,2020-07-27,2,0,0,9660,6220,91
Ihorombe,-22.40293,46.12576,2020-07-27,1,0,0,9660,6220,91
Analamanga,-18.9333296,47.5166646,2020-07-28,347,353,1,10104,6613,93
Boeny,-15.71667,46.31667,2020-07-28,20,0,0,10104,6613,93
Alaotra_Mangoro,-17.9,48.4,2020-07-28,13,0,0,10104,6613,93
Matsiatra-ambony,-21.45267,47.08569,2020-07-28,12,0,0,10104,6613,93
Sofia,-14.8723981771,47.9833993997,2020-07-28,8,0,0,10104,6613,93
Sava,-14.8833298,50.2833322,2020-07-28,5,0,0,10104,6613,93
Atsinanana,-18.1499994,49.416665,2020-07-28,4,0,1,10104,6613,93
Atsimo_Andrefana,-23.35,43.66667,2020-07-28,4,0,0,10104,6613,93
Anôsy,-25.0333332,46.9833294,2020-07-28,1,0,0,10104,6613,93
Analamanga,-18.9333296,47.5166646,2020-07-29,122,504,6,10317,7117,99
Vakinakaratra,-19.8666632,47.0333332,2020-07-29,1,0,0,10317,7117,99
Bongolava,-18.76969,46.04653,2020-07-29,9,0,0,10317,7117,99
Betsiboka,-17.2999988,46.9499962,2020-07-29,15,0,0,10317,7117,99
Atsinanana,-18.1499994,49.416665,2020-07-29,3,0,0,10317,7117,99
Itasy,-19.16667,46.73333,2020-07-29,4,0,0,10317,7117,99
Boeny,-15.71667,46.31667,2020-07-29,6,0,0,10317,7117,99
Matsiatra-ambony,-21.45267,47.08569,2020-07-29,13,0,0,10317,7117,99
Androy,-21.502164658,45.205665844,2020-07-29,4,0,0,10317,7117,99
Alaotra_Mangoro,-17.9,48.4,2020-07-29,13,0,0,10317,7117,99
Sofia,-14.8723981771,47.9833993997,2020-07-29,2,0,0,10317,7117,99
Atsimo_Andrefana,-23.35,43.66667,2020-07-29,6,0,0,10317,7117,99
Diana,-12.2666656,49.2833322,2020-07-29,13,0,0,10317,7117,99
Analamanga,-18.9333296,47.5166646,2020-07-30,388,344,3,10748,7461,105
Alaotra_Mangoro,-17.9,48.4,2020-07-30,13,0,0,10748,7461,105
Atsimo_Andrefana,-23.35,43.66667,2020-07-30,9,0,1,10748,7461,105
Matsiatra-ambony,-21.45267,47.08569,2020-07-30,7,0,0,10748,7461,105
Boeny,-15.71667,46.31667,2020-07-30,6,0,2,10748,7461,105
Amoron_Mania,-20.53034,47.24344,2020-07-30,3,0,0,10748,7461,105
Itasy,-19.16667,46.73333,2020-07-30,2,0,0,10748,7461,105
Atsinanana,-18.1499994,49.416665,2020-07-30,2,0,0,10748,7461,105
Sava,-14.8833298,50.2833322,2020-07-30,1,0,0,10748,7461,105
Analamanga,-18.9333296,47.5166646,2020-07-31,77,346,1,10868,7807,106
Bongolava,-18.76969,46.04653,2020-07-31,20,0,0,10868,7807,106
Alaotra_Mangoro,-17.9,48.4,2020-07-31,11,0,0,10868,7807,106
Matsiatra-ambony,-21.45267,47.08569,2020-07-31,7,0,0,10868,7807,106
Diana,-12.2666656,49.2833322,2020-07-31,3,0,0,10868,7807,106
Atsinanana,-18.1499994,49.416665,2020-07-31,1,0,0,10868,7807,106
Vatovavy_vitovinany,-22.14862,48.01055,2020-07-31,1,0,0,10868,7807,106
Analamanga,-18.9333296,47.5166646,2020-08-01,324,302,1,11273,8109,107
Boeny,-15.71667,46.31667,2020-08-01,34,0,0,11273,8109,107
Diana,-12.2666656,49.2833322,2020-08-01,16,0,0,11273,8109,107
Sofia,-14.8723981771,47.9833993997,2020-08-01,8,0,0,11273,8109,107
Amoron_Mania,-20.53034,47.24344,2020-08-01,5,0,0,11273,8109,107
Atsimo_Andrefana,-23.35,43.66667,2020-08-01,4,0,0,11273,8109,107
Bongolava,-18.76969,46.04653,2020-08-01,3,0,0,11273,8109,107
Sava,-14.8833298,50.2833322,2020-08-01,3,0,0,11273,8109,107
Atsinanana,-18.1499994,49.416665,2020-08-01,3,0,0,11273,8109,107
Itasy,-19.16667,46.73333,2020-08-01,2,0,0,11273,8109,107
Menabe,-20.28416553,44.31716538,2020-08-01,2,0,0,11273,8109,107
Vakinakaratra,-19.8666632,47.0333332,2020-08-01,1,0,0,11273,8109,107
Analamanga,-18.9333296,47.5166646,2020-08-02,225,335,5,11528,8444,114
Boeny,-15.71667,46.31667,2020-08-02,12,0,0,11528,8444,114
Alaotra_Mangoro,-17.9,48.4,2020-08-02,7,0,0,11528,8444,114
Atsimo_Andrefana,-23.35,43.66667,2020-08-02,4,0,1,11528,8444,114
Menabe,-20.28416553,44.31716538,2020-08-02,2,0,0,11528,8444,114
Atsinanana,-18.1499994,49.416665,2020-08-02,2,0,0,11528,8444,114
Sofia,-14.8723981771,47.9833993997,2020-08-02,2,0,0,11528,8444,114
Vatovavy_vitovinany,-22.14862,48.01055,2020-08-02,1,0,0,11528,8444,114
Matsiatra-ambony,-21.45267,47.08569,2020-08-02,0,0,1,11528,8444,114
Analamanga,-18.9333296,47.5166646,2020-08-03,118,381,4,11660,8825,118
Amoron_Mania,-20.53034,47.24344,2020-08-03,4,0,0,11660,8825,118
Boeny,-15.71667,46.31667,2020-08-03,3,0,0,11660,8825,118
Atsimo_Andrefana,-23.35,43.66667,2020-08-03,2,0,0,11660,8825,118
Menabe,-20.28416553,44.31716538,2020-08-03,2,0,0,11660,8825,118
Itasy,-19.16667,46.73333,2020-08-03,1,0,0,11660,8825,118
Atsinanana,-18.1499994,49.416665,2020-08-03,1,0,0,11660,8825,118
Sofia,-14.8723981771,47.9833993997,2020-08-03,1,0,0,11660,8825,118
Analamanga,-18.9333296,47.5166646,2020-08-04,185,461,5,11895,9286,123
Bongolava,-18.76969,46.04653,2020-08-04,17,0,0,11895,9286,123
Matsiatra-ambony,-21.45267,47.08569,2020-08-04,16,0,0,11895,9286,123
Atsimo_Andrefana,-23.35,43.66667,2020-08-04,3,0,0,11895,9286,123
Sofia,-14.8723981771,47.9833993997,2020-08-04,3,0,0,11895,9286,123
Anôsy,-25.0333332,46.9833294,2020-08-04,2,0,0,11895,9286,123
Boeny,-15.71667,46.31667,2020-08-04,2,0,0,11895,9286,123
Vakinakaratra,-19.8666632,47.0333332,2020-08-04,1,0,0,11895,9286,123
Itasy,-19.16667,46.73333,2020-08-04,1,0,0,11895,9286,123
Atsinanana,-18.1499994,49.416665,2020-08-04,1,0,0,11895,9286,123
Diana,-12.2666656,49.2833322,2020-08-04,1,0,0,11895,9286,123
,,,2020-08-04,3,0,0,11895,9286,123
Analamanga,-18.9333296,47.5166646,2020-08-05,272,512,3,12222,9798,127
Boeny,-15.71667,46.31667,2020-08-05,23,1,0,12222,9798,127
Matsiatra-ambony,-21.45267,47.08569,2020-08-05,15,0,0,12222,9798,127
Atsimo_Andrefana,-23.35,43.66667,2020-08-05,9,0,0,12222,9798,127
Sava,-14.8833298,50.2833322,2020-08-05,4,0,0,12222,9798,127
Vakinakaratra,-19.8666632,47.0333332,2020-08-05,1,0,0,12222,9798,127
Analanjirofo,-17.166666,49.2999988,2020-08-05,1,0,0,12222,9798,127
Anôsy,-25.0333332,46.9833294,2020-08-05,1,0,0,12222,9798,127
Vatovavy_vitovinany,-22.14862,48.01055,2020-08-05,1,0,0,12222,9798,127
Analamanga,-18.9333296,47.5166646,2020-08-06,242,350,4,12526,10148,134
Alaotra_Mangoro,-17.9,48.4,2020-08-06,26,0,0,12526,10148,134
Boeny,-15.71667,46.31667,2020-08-06,10,0,0,12526,10148,134
Matsiatra-ambony,-21.45267,47.08569,2020-08-06,9,0,0,12526,10148,134
Atsimo_Andrefana,-23.35,43.66667,2020-08-06,3,0,1,12526,10148,134
Menabe,-20.28416553,44.31716538,2020-08-06,3,0,0,12526,10148,134
Itasy,-19.16667,46.73333,2020-08-06,3,0,0,12526,10148,134
Bongolava,-18.76969,46.04653,2020-08-06,2,0,0,12526,10148,134
Sava,-14.8833298,50.2833322,2020-08-06,2,0,0,12526,10148,134
Atsinanana,-18.1499994,49.416665,2020-08-06,1,0,0,12526,10148,134
Analanjirofo,-17.166666,49.2999988,2020-08-06,1,0,0,12526,10148,134
Diana,-12.2666656,49.2833322,2020-08-06,0,0,1,12526,10148,134
Analamanga,-18.9333296,47.5166646,2020-08-07,141,264,0,12708,10412,135
Matsiatra-ambony,-21.45267,47.08569,2020-08-07,9,0,0,12708,10412,135
Ihorombe,-22.40293,46.12576,2020-08-07,8,0,0,12708,10412,135
Atsimo_Andrefana,-23.35,43.66667,2020-08-07,7,0,0,12708,10412,135
Boeny,-15.71667,46.31667,2020-08-07,6,0,0,12708,10412,135
Menabe,-20.28416553,44.31716538,2020-08-07,3,0,0,12708,10412,135
Itasy,-19.16667,46.73333,2020-08-07,2,0,0,12708,10412,135
Amoron_Mania,-20.53034,47.24344,2020-08-07,2,0,0,12708,10412,135
Betsiboka,-17.2999988,46.9499962,2020-08-07,2,0,0,12708,10412,135
Atsinanana,-18.1499994,49.416665,2020-08-07,1,0,1,12708,10412,135
Sofia,-14.8723981771,47.9833993997,2020-08-07,1,0,0,12708,10412,135
Analamanga,-18.9333296,47.5166646,2020-08-08,129,192,3,12922,10604,141
Vakinakaratra,-19.8666632,47.0333332,2020-08-08,20,0,2,12922,10604,141
Atsinanana,-18.1499994,49.416665,2020-08-08,1,0,0,12922,10604,141
Alaotra_Mangoro,-17.9,48.4,2020-08-08,26,0,0,12922,10604,141
Matsiatra-ambony,-21.45267,47.08569,2020-08-08,15,0,1,12922,10604,141
Amoron_Mania,-20.53034,47.24344,2020-08-08,4,0,0,12922,10604,141
Boeny,-15.71667,46.31667,2020-08-08,11,0,0,12922,10604,141
Atsimo_Andrefana,-23.35,43.66667,2020-08-08,1,0,0,12922,10604,141
Anôsy,-25.0333332,46.9833294,2020-08-08,3,0,0,12922,10604,141
Analamanga,-18.9333296,47.5166646,2020-08-09,127,212,5,13086,10816,148
Boeny,-15.71667,46.31667,2020-08-09,6,0,0,13086,10816,148
Atsimo_Andrefana,-23.35,43.66667,2020-08-09,2,0,0,13086,10816,148
Anôsy,-25.0333332,46.9833294,2020-08-09,1,0,0,13086,10816,148
Betsiboka,-17.2999988,46.9499962,2020-08-09,3,0,1,13086,10816,148
Sofia,-14.8723981771,47.9833993997,2020-08-09,1,0,0,13086,10816,148
Menabe,-20.28416553,44.31716538,2020-08-09,12,0,0,13086,10816,148
Diana,-12.2666656,49.2833322,2020-08-09,12,0,0,13086,10816,148
Matsiatra-ambony,-21.45267,47.08569,2020-08-09,0,0,1,13086,10816,148
Analamanga,-18.9333296,47.5166646,2020-08-10,99,195,3,13202,11011,151
Boeny,-15.71667,46.31667,2020-08-10,11,0,0,13202,11011,151
Atsimo_Andrefana,-23.35,43.66667,2020-08-10,3,0,0,13202,11011,151
Amoron_Mania,-20.53034,47.24344,2020-08-10,2,0,0,13202,11011,151
Itasy,-19.16667,46.73333,2020-08-10,1,0,0,13202,11011,151
Analamanga,-18.9333296,47.5166646,2020-08-11,43,265,1,13317,11276,152
Vakinakaratra,-19.8666632,47.0333332,2020-08-11,29,0,0,13317,11276,152
Alaotra_Mangoro,-17.9,48.4,2020-08-11,14,0,0,13317,11276,152
Boeny,-15.71667,46.31667,2020-08-11,10,0,0,13317,11276,152
Atsimo_Andrefana,-23.35,43.66667,2020-08-11,10,0,0,13317,11276,152
Anôsy,-25.0333332,46.9833294,2020-08-11,3,0,0,13317,11276,152
Amoron_Mania,-20.53034,47.24344,2020-08-11,3,0,0,13317,11276,152
Itasy,-19.16667,46.73333,2020-08-11,1,0,0,13317,11276,152
Atsinanana,-18.1499994,49.416665,2020-08-11,1,0,0,13317,11276,152
Sofia,-14.8723981771,47.9833993997,2020-08-11,1,0,0,13317,11276,152
Analamanga,-18.9333296,47.5166646,2020-08-12,27,253,0,13397,11529,156
Alaotra_Mangoro,-17.9,48.4,2020-08-12,24,0,0,13397,11529,156
Diana,-12.2666656,49.2833322,2020-08-12,8,1,0,13397,11529,156
Matsiatra-ambony,-21.45267,47.08569,2020-08-12,7,0,0,13397,11529,156
Boeny,-15.71667,46.31667,2020-08-12,6,2,0,13397,11529,156
Sofia,-14.8723981771,47.9833993997,2020-08-12,2,0,0,13397,11529,156
Sava,-14.8833298,50.2833322,2020-08-12,2,0,0,13397,11529,156
Atsinanana,-18.1499994,49.416665,2020-08-12,1,0,0,13397,11529,156
Atsimo_Andrefana,-23.35,43.66667,2020-08-12,1,1,0,13397,11529,156
Androy,-21.502164658,45.205665844,2020-08-12,2,0,0,13397,11529,156
Analamanga,-18.9333296,47.5166646,2020-08-13,49,251,4,13522,11780,162
Alaotra_Mangoro,-17.9,48.4,2020-08-13,24,0,0,13522,11780,162
Boeny,-15.71667,46.31667,2020-08-13,18,0,0,13522,11780,162
Vatovavy_vitovinany,-22.14862,48.01055,2020-08-13,9,0,0,13522,11780,162
Matsiatra-ambony,-21.45267,47.08569,2020-08-13,7,1,0,13522,11780,162
Sava,-14.8833298,50.2833322,2020-08-13,7,0,0,13522,11780,162
Diana,-12.2666656,49.2833322,2020-08-13,6,0,0,13522,11780,162
Androy,-21.502164658,45.205665844,2020-08-13,2,0,0,13522,11780,162
Atsimo_Andrefana,-23.35,43.66667,2020-08-13,2,0,0,13522,11780,162
Itasy,-19.16667,46.73333,2020-08-13,1,0,0,13522,11780,162
Anôsy,-25.0333332,46.9833294,2020-08-13,0,1,0,13522,11780,162
Analamanga,-18.9333296,47.5166646,2020-08-14,53,210,1,13643,12011,164
Vakinakaratra,-19.8666632,47.0333332,2020-08-14,9,0,0,13643,12011,164
Itasy,-19.16667,46.73333,2020-08-14,0,2,0,13643,12011,164
Alaotra_Mangoro,-17.9,48.4,2020-08-14,20,2,0,13643,12011,164
Atsinanana,-18.1499994,49.416665,2020-08-14,0,2,0,13643,12011,164
Matsiatra-ambony,-21.45267,47.08569,2020-08-14,3,0,0,13643,12011,164
Amoron_Mania,-20.53034,47.24344,2020-08-14,8,0,0,13643,12011,164
Vatovavy_vitovinany,-22.14862,48.01055,2020-08-14,3,1,0,13643,12011,164
Ihorombe,-22.40293,46.12576,2020-08-14,0,0,1,13643,12011,164
Boeny,-15.71667,46.31667,2020-08-14,11,7,0,13643,12011,164
Sofia,-14.8723981771,47.9833993997,2020-08-14,7,0,0,13643,12011,164
Sava,-14.8833298,50.2833322,2020-08-14,0,5,0,13643,12011,164
Diana,-12.2666656,49.2833322,2020-08-14,3,0,0,13643,12011,164
Atsimo_Andrefana,-23.35,43.66667,2020-08-14,0,1,0,13643,12011,164
Anôsy,-25.0333332,46.9833294,2020-08-14,4,1,0,13643,12011,164
Analamanga,-18.9333296,47.5166646,2020-08-15,42,188,2,13724,12232,166
Vakinakaratra,-19.8666632,47.0333332,2020-08-15,2,0,0,13724,12232,166
Bongolava,-18.76969,46.04653,2020-08-15,2,0,0,13724,12232,166
Matsiatra-ambony,-21.45267,47.08569,2020-08-15,9,0,0,13724,12232,166
Vatovavy_vitovinany,-22.14862,48.01055,2020-08-15,0,2,0,13724,12232,166
Alaotra_Mangoro,-17.9,48.4,2020-08-15,0,18,0,13724,12232,166
Boeny,-15.71667,46.31667,2020-08-15,2,7,0,13724,12232,166
Sofia,-14.8723981771,47.9833993997,2020-08-15,4,0,0,13724,12232,166
Betsiboka,-17.2999988,46.9499962,2020-08-15,0,2,0,13724,12232,166
Diana,-12.2666656,49.2833322,2020-08-15,13,0,0,13724,12232,166
Sava,-14.8833298,50.2833322,2020-08-15,3,0,0,13724,12232,166
Atsimo_Andrefana,-23.35,43.66667,2020-08-15,3,2,0,13724,12232,166
Anôsy,-25.0333332,46.9833294,2020-08-15,3,0,0,13724,12232,166
Analamanga,-18.9333296,47.5166646,2020-08-16,69,165,3,13827,12424,170
Itasy,-19.16667,46.73333,2020-08-16,1,0,0,13827,12424,170
Amoron_Mania,-20.53034,47.24344,2020-08-16,4,0,0,13827,12424,170
Alaotra_Mangoro,-17.9,48.4,2020-08-16,12,6,0,13827,12424,170
Boeny,-15.71667,46.31667,2020-08-16,0,12,0,13827,12424,170
Betsiboka,-17.2999988,46.9499962,2020-08-16,3,1,0,13827,12424,170
Diana,-12.2666656,49.2833322,2020-08-16,1,1,1,13827,12424,170
Menabe,-20.28416553,44.31716538,2020-08-16,12,0,0,13827,12424,170
Anôsy,-25.0333332,46.9833294,2020-08-16,1,2,0,13827,12424,170
Atsimo_Andrefana,-23.35,43.66667,2020-08-16,0,5,0,13827,12424,170
Analamanga,-18.9333296,47.5166646,2020-08-17,43,152,1,13886,12603,171
Vakinakaratra,-19.8666632,47.0333332,2020-08-17,0,12,0,13886,12603,171
Bongolava,-18.76969,46.04653,2020-08-17,0,1,0,13886,12603,171
Amoron_Mania,-20.53034,47.24344,2020-08-17,11,0,0,13886,12603,171
Vatovavy_vitovinany,-22.14862,48.01055,2020-08-17,0,4,0,13886,12603,171
Boeny,-15.71667,46.31667,2020-08-17,0,4,0,13886,12603,171
Betsiboka,-17.2999988,46.9499962,2020-08-17,1,0,0,13886,12603,171
Atsimo_Andrefana,-23.35,43.66667,2020-08-17,1,3,0,13886,12603,171
Menabe,-20.28416553,44.31716538,2020-08-17,1,0,0,13886,12603,171
Androy,-21.502164658,45.205665844,2020-08-17,0,2,0,13886,12603,171
Diana,-12.2666656,49.2833322,2020-08-17,2,0,0,13886,12603,171
Bongolava,-18.76969,46.04653,2020-08-18,40,0,0,14009,12767,173
Analamanga,-18.9333296,47.5166646,2020-08-18,22,122,1,14009,12767,173
Vakinakaratra,-19.8666632,47.0333332,2020-08-18,0,19,0,14009,12767,173
Atsinanana,-18.1499994,49.416665,2020-08-18,3,4,0,14009,12767,173
Alaotra_Mangoro,-17.9,48.4,2020-08-18,7,19,0,14009,12767,173
Matsiatra-ambony,-21.45267,47.08569,2020-08-18,6,5,0,14009,12767,173
Ihorombe,-22.40293,46.12576,2020-08-18,2,0,0,14009,12767,173
Boeny,-15.71667,46.31667,2020-08-18,3,9,0,14009,12767,173
Sofia,-14.8723981771,47.9833993997,2020-08-18,7,0,0,14009,12767,173
Diana,-12.2666656,49.2833322,2020-08-18,14,0,0,14009,12767,173
Sava,-14.8833298,50.2833322,2020-08-18,0,4,1,14009,12767,173
Analamanga,-18.9333296,47.5166646,2020-08-19,18,113,0,14074,12921,173
Atsinanana,-18.1499994,49.416665,2020-08-19,1,5,0,14074,12921,173
Alaotra_Mangoro,-17.9,48.4,2020-08-19,10,11,0,14074,12921,173
Matsiatra-ambony,-21.45267,47.08569,2020-08-19,7,0,0,14074,12921,173
Ihorombe,-22.40293,46.12576,2020-08-19,2,0,0,14074,12921,173
Boeny,-15.71667,46.31667,2020-08-19,3,21,0,14074,12921,173
Sava,-14.8833298,50.2833322,2020-08-19,5,0,0,14074,12921,173
Diana,-12.2666656,49.2833322,2020-08-19,9,0,0,14074,12921,173
Atsimo_Andrefana,-23.35,43.66667,2020-08-19,1,3,0,14074,12921,173
Vatovavy_vitovinany,-22.14862,48.01055,2020-08-19,6,0,0,14074,12921,173
Sava,-14.8833298,50.2833322,2020-08-19,3,0,0,14074,12921,173
Analamanga,-18.9333296,47.5166646,2020-08-20,52,89,2,14154,13038,177
Itasy,-19.16667,46.73333,2020-08-20,1,0,0,14154,13038,177
Alaotra_Mangoro,-17.9,48.4,2020-08-20,10,4,0,14154,13038,177
Matsiatra-ambony,-21.45267,47.08569,2020-08-20,2,4,0,14154,13038,177
Sofia,-14.8723981771,47.9833993997,2020-08-20,3,0,0,14154,13038,177
Diana,-12.2666656,49.2833322,2020-08-20,8,0,0,14154,13038,177
Menabe,-20.28416553,44.31716538,2020-08-20,3,0,0,14154,13038,177
Vakinakaratra,-19.8666632,47.0333332,2020-08-20,0,2,2,14154,13038,177
Bongolava,-18.76969,46.04653,2020-08-20,0,11,0,14154,13038,177
Atsinanana,-18.1499994,49.416665,2020-08-20,0,1,0,14154,13038,177
Vatovavy_vitovinany,-22.14862,48.01055,2020-08-20,0,1,0,14154,13038,177
Atsimo_Andrefana,-23.35,43.66667,2020-08-20,0,5,0,14154,13038,177
Anôsy,-25.0333332,46.9833294,2020-08-20,0,4,0,14154,13038,177
Analamanga,-18.9333296,47.5166646,2020-08-21,39,85,0,14218,13206,178
Atsinanana,-18.1499994,49.416665,2020-08-21,1,0,0,14218,13206,178
Alaotra_Mangoro,-17.9,48.4,2020-08-21,8,23,0,14218,13206,178
Matsiatra-ambony,-21.45267,47.08569,2020-08-21,1,4,0,14218,13206,178
Boeny,-15.71667,46.31667,2020-08-21,1,7,0,14218,13206,178
Sofia,-14.8723981771,47.9833993997,2020-08-21,2,5,0,14218,13206,178
Sava,-14.8833298,50.2833322,2020-08-21,5,0,0,14218,13206,178
Diana,-12.2666656,49.2833322,2020-08-21,6,31,0,14218,13206,178
Ihorombe,-22.40293,46.12576,2020-08-21,0,0,1,14218,13206,178
Vakinakaratra,-19.8666632,47.0333332,2020-08-21,0,6,0,14218,13206,178
Bongolava,-18.76969,46.04653,2020-08-21,0,2,0,14218,13206,178
Atsimo_Atsinana,-22.822229999999998,47.82615,2020-08-21,0,1,0,14218,13206,178
Atsimo_Andrefana,-23.35,43.66667,2020-08-21,0,1,0,14218,13206,178
Androy,-21.502164658,45.205665844,2020-08-21,0,2,0,14218,13206,178
Analamanga,-18.9333296,47.5166646,2020-08-22,13,86,0,14277,13332,178
Vakinakaratra,-19.8666632,47.0333332,2020-08-22,12,2,0,14336,13332,178
Itasy,-19.16667,46.73333,2020-08-22,1,0,0,14395,13332,178
Bongolava,-18.76969,46.04653,2020-08-22,0,3,0,14454,13332,178
Amoron_Mania,-20.53034,47.24344,2020-08-22,0,2,0,14513,13332,178
Matsiatra-ambony,-21.45267,47.08569,2020-08-22,0,15,0,14572,13332,178
Sofia,-14.8723981771,47.9833993997,2020-08-22,0,1,0,14631,13332,178
Atsinanana,-18.1499994,49.416665,2020-08-22,1,0,0,14690,13332,178
Diana,-12.2666656,49.2833322,2020-08-22,9,0,0,14749,13332,178
Alaotra_Mangoro,-17.9,48.4,2020-08-22,8,4,0,14808,13332,178
Vatovavy_vitovinany,-22.14862,48.01055,2020-08-22,5,0,0,14867,13332,178
Boeny,-15.71667,46.31667,2020-08-22,1,9,0,14926,13332,178
Sofia,-14.8723981771,47.9833993997,2020-08-22,0,1,0,14985,13332,178
Betsiboka,-17.2999988,46.9499962,2020-08-22,0,3,0,15044,13332,178
Sava,-14.8833298,50.2833322,2020-08-22,7,1,0,15103,13332,178
Atsimo_Andrefana,-23.35,43.66667,2020-08-22,1,0,0,15162,13332,178
Anôsy,-25.0333332,46.9833294,2020-08-22,1,0,0,15221,13332,178
Analamanga,-18.9333296,47.5166646,2020-08-23,22,8,0,15271,13355,178
Vakinakaratra,-19.8666632,47.0333332,2020-08-23,3,6,0,15271,13355,178
Bongolava,-18.76969,46.04653,2020-08-23,1,0,0,15271,13355,178
Matsiatra-ambony,-21.45267,47.08569,2020-08-23,1,2,0,15271,13355,178
Amoron_Mania,-20.53034,47.24344,2020-08-23,3,0,0,15271,13355,178
Boeny,-15.71667,46.31667,2020-08-23,0,1,0,15271,13355,178
Sofia,-14.8723981771,47.9833993997,2020-08-23,4,0,0,15271,13355,178
Atsimo_Andrefana,-23.35,43.66667,2020-08-23,0,3,0,15271,13355,178
Menabe,-20.28416553,44.31716538,2020-08-23,7,1,0,15271,13355,178
Anôsy,-25.0333332,46.9833294,2020-08-23,0,1,0,15271,13355,178
Diana,-12.2666656,49.2833322,2020-08-23,8,0,0,15271,13355,178
Analamanga,-18.9333296,47.5166646,2020-08-24,29,7,0,15346,13436,178
Vakinakaratra,-19.8666632,47.0333332,2020-08-24,0,2,0,15346,13436,178
Bongolava,-18.76969,46.04653,2020-08-24,12,6,0,15346,13436,178
Itasy,-19.16667,46.73333,2020-08-24,0,1,0,15346,13436,178
Alaotra_Mangoro,-17.9,48.4,2020-08-24,0,2,0,15346,13436,178
Matsiatra-ambony,-21.45267,47.08569,2020-08-24,2,2,0,15346,13436,178
Amoron_Mania,-20.53034,47.24344,2020-08-24,1,8,0,15346,13436,178
Vatovavy_vitovinany,-22.14862,48.01055,2020-08-24,0,10,0,15346,13436,178
Ihorombe,-22.40293,46.12576,2020-08-24,0,4,0,15346,13436,178
Boeny,-15.71667,46.31667,2020-08-24,0,11,0,15346,13436,178
Sofia,-14.8723981771,47.9833993997,2020-08-24,4,11,0,15346,13436,178
Sava,-14.8833298,50.2833322,2020-08-24,2,6,0,15346,13436,178
Diana,-12.2666656,49.2833322,2020-08-24,15,8,0,15346,13436,178
Atsimo_Andrefana,-23.35,43.66667,2020-08-24,10,0,0,15346,13436,178
Anôsy,-25.0333332,46.9833294,2020-08-24,0,2,0,15346,13436,178
Menabe,-20.28416553,44.31716538,2020-08-24,0,1,0,15346,13436,178
Analamanga,-18.9333296,47.5166646,2020-08-25,26,17,0,15419,13492,178
Vakinakaratra,-19.8666632,47.0333332,2020-08-25,8,5,0,15419,13492,178
Atsinanana,-18.1499994,49.416665,2020-08-25,1,0,0,15419,13492,178
Alaotra_Mangoro,-17.9,48.4,2020-08-25,0,1,0,15419,13492,178
Matsiatra-ambony,-21.45267,47.08569,2020-08-25,2,8,0,15419,13492,178
Boeny,-15.71667,46.31667,2020-08-25,6,14,0,15419,13492,178
Sofia,-14.8723981771,47.9833993997,2020-08-25,8,0,0,15419,13492,178
Diana,-12.2666656,49.2833322,2020-08-25,21,6,0,15419,13492,178
Atsimo_Andrefana,-23.35,43.66667,2020-08-25,0,5,0,15419,13492,178
Anôsy,-25.0333332,46.9833294,2020-08-25,1,0,0,15419,13492,178
Analamanga,-18.9333296,47.5166646,2020-08-26,36,38,1,15498,13582,181
Vakinakaratra,-19.8666632,47.0333332,2020-08-26,0,4,0,15498,13582,181
Itasy,-19.16667,46.73333,2020-08-26,0,1,0,15498,13582,181
Bongolava,-18.76969,46.04653,2020-08-26,8,0,0,15498,13582,181
Alaotra_Mangoro,-17.9,48.4,2020-08-26,15,26,0,15498,13582,181
Atsinanana,-18.1499994,49.416665,2020-08-26,3,0,0,15498,13582,181
Matsiatra-ambony,-21.45267,47.08569,2020-08-26,3,9,0,15498,13582,181
Boeny,-15.71667,46.31667,2020-08-26,0,8,0,15498,13582,181
Sofia,-14.8723981771,47.9833993997,2020-08-26,8,0,0,15498,13582,181
Diana,-12.2666656,49.2833322,2020-08-26,5,3,2,15498,13582,181
Atsimo_Andrefana,-23.35,43.66667,2020-08-26,0,1,0,15498,13582,181
Androy,-21.502164658,45.205665844,2020-08-26,1,0,0,15498,13582,181
Analamanga,-18.9333296,47.5166646,2020-08-27,26,18,1,15536,13686,184
Vakinakaratra,-19.8666632,47.0333332,2020-08-27,0,12,1,15536,13686,184
Bongolava,-18.76969,46.04653,2020-08-27,0,4,0,15536,13686,184
Atsinanana,-18.1499994,49.416665,2020-08-27,1,0,0,15536,13686,184
Alaotra_Mangoro,-17.9,48.4,2020-08-27,0,11,0,15536,13686,184
Matsiatra-ambony,-21.45267,47.08569,2020-08-27,3,17,0,15536,13686,184
Amoron_Mania,-20.53034,47.24344,2020-08-27,0,3,0,15536,13686,184
Vatovavy_vitovinany,-22.14862,48.01055,2020-08-27,6,0,0,15536,13686,184
Boeny,-15.71667,46.31667,2020-08-27,0,8,0,15536,13686,184
Sofia,-14.8723981771,47.9833993997,2020-08-27,2,6,0,15536,13686,184
Atsimo_Andrefana,-23.35,43.66667,2020-08-27,0,2,0,15536,13686,184
Menabe,-20.28416553,44.31716538,2020-08-27,0,9,0,15536,13686,184
Anôsy,-25.0333332,46.9833294,2020-08-27,0,2,0,15536,13686,184
Diana,-12.2666656,49.2833322,2020-08-27,0,12,1,15536,13686,184
Analamanga,-18.9333296,47.5166646,2020-08-28,50,23,2,15640,13709,187
Vakinakaratra,-19.8666632,47.0333332,2020-08-28,12,0,0,15640,13709,187
Alaotra_Mangoro,-17.9,48.4,2020-08-28,1,0,0,15640,13709,187
Matsiatra-ambony,-21.45267,47.08569,2020-08-28,2,0,0,15640,13709,187
Boeny,-15.71667,46.31667,2020-08-28,4,0,0,15640,13709,187
Sofia,-14.8723981771,47.9833993997,2020-08-28,10,0,0,15640,13709,187
Anôsy,-25.0333332,46.9833294,2020-08-28,1,0,0,15640,13709,187
Menabe,-20.28416553,44.31716538,2020-08-28,2,0,0,15640,13709,187
Sava,-14.8833298,50.2833322,2020-08-28,19,0,0,15640,13709,187
Diana,-12.2666656,49.2833322,2020-08-28,3,0,1,15640,13709,187
Analamanga,-18.9333296,47.5166646,2020-08-29,64,10,1,15735,13753,190
Bongolava,-18.76969,46.04653,2020-08-29,0,12,0,15735,13753,190
Atsinanana,-18.1499994,49.416665,2020-08-29,1,0,0,15735,13753,190
Alaotra_Mangoro,-17.9,48.4,2020-08-29,3,7,0,15735,13753,190
Matsiatra-ambony,-21.45267,47.08569,2020-08-29,2,0,1,15735,13753,190
Vatovavy_vitovinany,-22.14862,48.01055,2020-08-29,0,4,0,15735,13753,190
Boeny,-15.71667,46.31667,2020-08-29,0,2,0,15735,13753,190
Sofia,-14.8723981771,47.9833993997,2020-08-29,11,5,0,15735,13753,190
Atsimo_Andrefana,-23.35,43.66667,2020-08-29,0,3,0,15735,13753,190
Anôsy,-25.0333332,46.9833294,2020-08-29,1,0,0,15735,13753,190
Menabe,-20.28416553,44.31716538,2020-08-29,6,0,0,15735,13753,190
Sava,-14.8833298,50.2833322,2020-08-29,0,5,1,15735,13753,190
Diana,-12.2666656,49.2833322,2020-08-29,3,0,0,15735,13753,190
Analamanga,-18.9333296,47.5166646,2020-08-30,26,11,0,15787,13802,191
Vakinakaratra,-19.8666632,47.0333332,2020-08-30,6,2,0,15787,13802,191
Bongolava,-18.76969,46.04653,2020-08-30,0,9,0,15787,13802,191
Alaotra_Mangoro,-17.9,48.4,2020-08-30,0,7,0,15787,13802,191
Amoron_Mania,-20.53034,47.24344,2020-08-30,1,0,0,15787,13802,191
Boeny,-15.71667,46.31667,2020-08-30,1,2,0,15787,13802,191
Betsiboka,-17.2999988,46.9499962,2020-08-30,0,3,0,15787,13802,191
Sofia,-14.8723981771,47.9833993997,2020-08-30,4,0,0,15787,13802,191
Sava,-14.8833298,50.2833322,2020-08-30,8,0,0,15787,13802,191
Diana,-12.2666656,49.2833322,2020-08-30,4,14,1,15787,13802,191
Androy,-21.502164658,45.205665844,2020-08-30,2,0,0,15787,13802,191
Atsimo_Andrefana,-23.35,43.66667,2020-08-30,0,1,0,15787,13802,191
Menabe,-20.28416553,44.31716538,2020-08-30,0,3,0,15787,13802,191
Analamanga,-18.9333296,47.5166646,2020-08-31,15,2,0,15807,13832,192
Vakinakaratra,-19.8666632,47.0333332,2020-08-31,0,1,0,15807,13832,192
Bongolava,-18.76969,46.04653,2020-08-31,0,7,0,15807,13832,192
Matsiatra-ambony,-21.45267,47.08569,2020-08-31,2,0,0,15807,13832,192
Amoron_Mania,-20.53034,47.24344,2020-08-31,0,3,0,15807,13832,192
Sofia,-14.8723981771,47.9833993997,2020-08-31,1,0,0,15807,13832,192
Betsiboka,-17.2999988,46.9499962,2020-08-31,0,1,0,15807,13832,192
Sava,-14.8833298,50.2833322,2020-08-31,1,1,0,15807,13832,192
Diana,-12.2666656,49.2833322,2020-08-31,0,9,1,15807,13832,192
Ihorombe,-22.40293,46.12576,2020-08-31,0,5,0,15807,13832,192
Anôsy,-25.0333332,46.9833294,2020-08-31,0,1,0,15807,13832,192
Analamanga,-18.9333296,47.5166646,2020-09-01,37,6,1,15901,13915,195
Vakinakaratra,-19.8666632,47.0333332,2020-09-01,11,2,0,15901,13915,195
Bongolava,-18.76969,46.04653,2020-09-01,0,4,0,15901,13915,195
Alaotra_Mangoro,-17.9,48.4,2020-09-01,8,20,0,15901,13915,195
Atsinanana,-18.1499994,49.416665,2020-09-01,0,3,0,15901,13915,195
Matsiatra-ambony,-21.45267,47.08569,2020-09-01,3,24,0,15901,13915,195
Vatovavy_vitovinany,-22.14862,48.01055,2020-09-01,1,2,0,15901,13915,195
Boeny,-15.71667,46.31667,2020-09-01,3,3,0,15901,13915,195
Sofia,-14.8723981771,47.9833993997,2020-09-01,14,5,0,15901,13915,195
Menabe,-20.28416553,44.31716538,2020-09-01,0,3,0,15901,13915,195
Sava,-14.8833298,50.2833322,2020-09-01,6,5,0,15901,13915,195
Diana,-12.2666656,49.2833322,2020-09-01,5,8,2,15901,13915,195
Ihorombe,-22.40293,46.12576,2020-09-01,0,1,0,15901,13915,195
Analamanga,-18.9333296,47.5166646,2020-09-02,39,9,1,15967,13965,196
Vakinakaratra,-19.8666632,47.0333332,2020-09-02,0,8,0,15967,13965,196
Itasy,-19.16667,46.73333,2020-09-02,0,1,0,15967,13965,196
Bongolava,-18.76969,46.04653,2020-09-02,0,2,0,15967,13965,196
Atsinanana,-18.1499994,49.416665,2020-09-02,3,1,0,15967,13965,196
Alaotra_Mangoro,-17.9,48.4,2020-09-02,8,0,0,15967,13965,196
Matsiatra-ambony,-21.45267,47.08569,2020-09-02,4,8,0,15967,13965,196
Ihorombe,-22.40293,46.12576,2020-09-02,0,1,0,15967,13965,196
Vatovavy_vitovinany,-22.14862,48.01055,2020-09-02,0,3,0,15967,13965,196
Boeny,-15.71667,46.31667,2020-09-02,4,3,0,15967,13965,196
Sofia,-14.8723981771,47.9833993997,2020-09-02,4,2,0,15967,13965,196
Sava,-14.8833298,50.2833322,2020-09-02,0,1,0,15967,13965,196
Diana,-12.2666656,49.2833322,2020-09-02,4,5,0,15967,13965,196
Atsimo_Andrefana,-23.35,43.66667,2020-09-02,0,6,0,15967,13965,196
Analamanga,-18.9333296,47.5166646,2020-09-03,35,66,1,16050,14031,197
Vakinakaratra,-19.8666632,47.0333332,2020-09-03,5,0,0,16050,14031,197
Bongolava,-18.76969,46.04653,2020-09-03,2,0,0,16050,14031,197
Alaotra_Mangoro,-17.9,48.4,2020-09-03,5,0,0,16050,14031,197
Matsiatra-ambony,-21.45267,47.08569,2020-09-03,1,0,0,16050,14031,197
Amoron_Mania,-20.53034,47.24344,2020-09-03,4,0,0,16050,14031,197
Vatovavy_vitovinany,-22.14862,48.01055,2020-09-03,6,0,0,16050,14031,197
Sofia,-14.8723981771,47.9833993997,2020-09-03,9,0,0,16050,14031,197
Diana,-12.2666656,49.2833322,2020-09-03,5,0,0,16050,14031,197
Anôsy,-25.0333332,46.9833294,2020-09-03,2,0,0,16050,14031,197
Menabe,-20.28416553,44.31716538,2020-09-03,9,0,0,16050,14031,197
Analamanga,-18.9333296,47.5166646,2020-09-04,50,44,1,16131,14075,198
Alaotra_Mangoro,-17.9,48.4,2020-09-04,1,0,0,16131,14075,198
Atsinanana,-18.1499994,49.416665,2020-09-04,3,0,0,16131,14075,198
Matsiatra-ambony,-21.45267,47.08569,2020-09-04,4,0,0,16131,14075,198
Sofia,-14.8723981771,47.9833993997,2020-09-04,3,0,0,16131,14075,198
Diana,-12.2666656,49.2833322,2020-09-04,10,0,0,16131,14075,198
Atsimo_Andrefana,-23.35,43.66667,2020-09-04,9,0,0,16131,14075,198
Androy,-21.502164658,45.205665844,2020-09-04,1,0,0,16131,14075,198